{"cameraMode":{"drawMode":0,"name":"Shaded","section":"Shading Mode"},"sceneLighting":false,"audioPlay":false,"sceneViewState":{"showFog":true,"showMaterialUpdate":false,"showSkybox":false,"showFlares":true,"showImageEffects":true,"showParticleSystems":true},"in2DMode":false,"pivot":{"x":0.37317726016044619,"y":0.18603138625621797,"z":-0.19034753739833833},"rotation":{"x":0.6202618479728699,"y":-0.05983748286962509,"z":0.04754282534122467,"w":0.7806627154350281},"size":0.10007455199956894,"orthographic":true}