{"cameraMode":{"drawMode":0,"name":"Shaded","section":"Shading Mode"},"sceneLighting":false,"audioPlay":false,"sceneViewState":{"showFog":true,"showMaterialUpdate":false,"showSkybox":false,"showFlares":true,"showImageEffects":true,"showParticleSystems":true},"in2DMode":false,"pivot":{"x":-12.698509216308594,"y":8.054360389709473,"z":18.3270320892334},"rotation":{"x":0.6605338454246521,"y":-0.3214915990829468,"z":0.37600719928741457,"w":0.5647664070129395},"size":1.165068507194519,"orthographic":true}